학생ID,Q1_스마트폰_보유여부,Q2_하루사용시간_평일,Q2_하루사용시간_주말,Q3_주요용도_1,Q3_주요용도_2,Q3_주요용도_3,Q4_사용의_긍정적측면,Q5_줄여야겠다고_생각한적_및_까닭
STU_001,아니다,,,,,,,
STU_002,아니다,,,,,,,
STU_003,아니다,,,,,,,
STU_004,아니다,,,,,,,
STU_005,아니다,,,,,,,
STU_006,아니다,,,,,,,
STU_007,아니다,,,,,,,
STU_008,아니다,,,,,,,
STU_009,아니다,,,,,,,
STU_010,아니다,,,,,,,
STU_011,그렇다,한 시간 이상 두 시간 미만,다섯 시간 이상,동영상 시청·음악 감상,누리 소통망(SNS),게임,사람들과 교류할 수 있다,그렇다 - 친구 관계 문제
STU_012,그렇다,네 시간 이상 다섯 시간 미만,두 시간 이상 세 시간 미만,동영상 시청·음악 감상,누리 소통망(SNS),게임,사람들과 교류할 수 있다,생각한 적 없다
STU_013,그렇다,두 시간 이상 세 시간 미만,네 시간 이상 다섯 시간 미만,동영상 시청·음악 감상,누리 소통망(SNS),게임,재미를 얻고 스트레스를 풀 수 있다,그렇다 - 학업 문제
STU_014,그렇다,다섯 시간 이상,세 시간 이상 네 시간 미만,동영상 시청·음악 감상,누리 소통망(SNS),게임,재미를 얻고 스트레스를 풀 수 있다,그렇다 - 학업 문제
STU_015,그렇다,두 시간 이상 세 시간 미만,세 시간 이상 네 시간 미만,동영상 시청·음악 감상,누리 소통망(SNS),게임,새로운 정보를 얻을 수 있다,생각한 적 없다
STU_016,그렇다,세 시간 이상 네 시간 미만,세 시간 이상 네 시간 미만,동영상 시청·음악 감상,누리 소통망(SNS),게임,재미를 얻고 스트레스를 풀 수 있다,그렇다 - 신체적 문제
STU_017,그렇다,한 시간 이상 두 시간 미만,다섯 시간 이상,동영상 시청·음악 감상,누리 소통망(SNS),게임,사람들과 교류할 수 있다,그렇다 - 학업 문제
STU_018,그렇다,네 시간 이상 다섯 시간 미만,네 시간 이상 다섯 시간 미만,동영상 시청·음악 감상,누리 소통망(SNS),게임,새로운 정보를 얻을 수 있다,생각한 적 없다
STU_019,그렇다,한 시간 이상 두 시간 미만,두 시간 이상 세 시간 미만,동영상 시청·음악 감상,누리 소통망(SNS),게임,새로운 정보를 얻을 수 있다,그렇다 - 학업 문제
STU_020,그렇다,다섯 시간 이상,세 시간 이상 네 시간 미만,동영상 시청·음악 감상,누리 소통망(SNS),게임,재미를 얻고 스트레스를 풀 수 있다,그렇다 - 친구 관계 문제
STU_021,그렇다,세 시간 이상 네 시간 미만,세 시간 이상 네 시간 미만,동영상 시청·음악 감상,누리 소통망(SNS),게임,새로운 정보를 얻을 수 있다,그렇다 - 학업 문제
STU_022,그렇다,네 시간 이상 다섯 시간 미만,세 시간 이상 네 시간 미만,동영상 시청·음악 감상,누리 소통망(SNS),게임,사람들과 교류할 수 있다,그렇다 - 신체적 문제
STU_023,그렇다,다섯 시간 이상,두 시간 이상 세 시간 미만,동영상 시청·음악 감상,누리 소통망(SNS),게임,재미를 얻고 스트레스를 풀 수 있다,그렇다 - 학업 문제
STU_024,그렇다,세 시간 이상 네 시간 미만,세 시간 이상 네 시간 미만,동영상 시청·음악 감상,누리 소통망(SNS),게임,재미를 얻고 스트레스를 풀 수 있다,그렇다 - 학업 문제
STU_025,그렇다,한 시간 이상 두 시간 미만,두 시간 이상 세 시간 미만,동영상 시청·음악 감상,누리 소통망(SNS),게임,재미를 얻고 스트레스를 풀 수 있다,그렇다 - 학업 문제
STU_026,그렇다,두 시간 이상 세 시간 미만,다섯 시간 이상,동영상 시청·음악 감상,누리 소통망(SNS),게임,새로운 정보를 얻을 수 있다,그렇다 - 신체적 문제
STU_027,그렇다,네 시간 이상 다섯 시간 미만,한 시간 이상 두 시간 미만,동영상 시청·음악 감상,누리 소통망(SNS),게임,새로운 정보를 얻을 수 있다,그렇다 - 학업 문제
STU_028,그렇다,한 시간 이상 두 시간 미만,두 시간 이상 세 시간 미만,동영상 시청·음악 감상,누리 소통망(SNS),게임,재미를 얻고 스트레스를 풀 수 있다,그렇다 - 학업 문제
STU_029,그렇다,네 시간 이상 다섯 시간 미만,세 시간 이상 네 시간 미만,동영상 시청·음악 감상,누리 소통망(SNS),게임,재미를 얻고 스트레스를 풀 수 있다,생각한 적 없다
STU_030,그렇다,두 시간 이상 세 시간 미만,세 시간 이상 네 시간 미만,동영상 시청·음악 감상,누리 소통망(SNS),게임,기타,그렇다 - 학업 문제
STU_031,그렇다,두 시간 이상 세 시간 미만,다섯 시간 이상,동영상 시청·음악 감상,누리 소통망(SNS),게임,재미를 얻고 스트레스를 풀 수 있다,그렇다 - 기타
STU_032,그렇다,한 시간 이상 두 시간 미만,두 시간 이상 세 시간 미만,동영상 시청·음악 감상,누리 소통망(SNS),게임,재미를 얻고 스트레스를 풀 수 있다,그렇다 - 가족 관계 문제
STU_033,그렇다,세 시간 이상 네 시간 미만,다섯 시간 이상,동영상 시청·음악 감상,누리 소통망(SNS),게임,재미를 얻고 스트레스를 풀 수 있다,그렇다 - 학업 문제
STU_034,그렇다,두 시간 이상 세 시간 미만,세 시간 이상 네 시간 미만,동영상 시청·음악 감상,누리 소통망(SNS),게임,새로운 정보를 얻을 수 있다,그렇다 - 학업 문제
STU_035,그렇다,두 시간 이상 세 시간 미만,두 시간 이상 세 시간 미만,동영상 시청·음악 감상,누리 소통망(SNS),게임,재미를 얻고 스트레스를 풀 수 있다,그렇다 - 학업 문제
STU_036,그렇다,세 시간 이상 네 시간 미만,세 시간 이상 네 시간 미만,동영상 시청·음악 감상,누리 소통망(SNS),게임,사람들과 교류할 수 있다,그렇다 - 학업 문제
STU_037,그렇다,한 시간 이상 두 시간 미만,두 시간 이상 세 시간 미만,동영상 시청·음악 감상,누리 소통망(SNS),게임,기타,그렇다 - 학업 문제
STU_038,그렇다,세 시간 이상 네 시간 미만,한 시간 이상 두 시간 미만,동영상 시청·음악 감상,누리 소통망(SNS),게임,사람들과 교류할 수 있다,생각한 적 없다
STU_039,그렇다,한 시간 이상 두 시간 미만,세 시간 이상 네 시간 미만,동영상 시청·음악 감상,누리 소통망(SNS),게임,재미를 얻고 스트레스를 풀 수 있다,생각한 적 없다
STU_040,그렇다,네 시간 이상 다섯 시간 미만,세 시간 이상 네 시간 미만,동영상 시청·음악 감상,누리 소통망(SNS),게임,새로운 정보를 얻을 수 있다,그렇다 - 학업 문제
STU_041,그렇다,다섯 시간 이상,세 시간 이상 네 시간 미만,동영상 시청·음악 감상,누리 소통망(SNS),게임,재미를 얻고 스트레스를 풀 수 있다,그렇다 - 학업 문제
STU_042,그렇다,두 시간 이상 세 시간 미만,네 시간 이상 다섯 시간 미만,동영상 시청·음악 감상,누리 소통망(SNS),게임,사람들과 교류할 수 있다,그렇다 - 학업 문제
STU_043,그렇다,두 시간 이상 세 시간 미만,다섯 시간 이상,동영상 시청·음악 감상,누리 소통망(SNS),게임,사람들과 교류할 수 있다,생각한 적 없다
STU_044,그렇다,두 시간 이상 세 시간 미만,다섯 시간 이상,동영상 시청·음악 감상,누리 소통망(SNS),게임,재미를 얻고 스트레스를 풀 수 있다,그렇다 - 신체적 문제
STU_045,그렇다,두 시간 이상 세 시간 미만,네 시간 이상 다섯 시간 미만,동영상 시청·음악 감상,누리 소통망(SNS),게임,재미를 얻고 스트레스를 풀 수 있다,생각한 적 없다
STU_046,그렇다,세 시간 이상 네 시간 미만,세 시간 이상 네 시간 미만,동영상 시청·음악 감상,누리 소통망(SNS),게임,재미를 얻고 스트레스를 풀 수 있다,그렇다 - 학업 문제
STU_047,그렇다,네 시간 이상 다섯 시간 미만,네 시간 이상 다섯 시간 미만,동영상 시청·음악 감상,누리 소통망(SNS),게임,시간을 때울 수 있다,생각한 적 없다
STU_048,그렇다,두 시간 이상 세 시간 미만,두 시간 이상 세 시간 미만,동영상 시청·음악 감상,누리 소통망(SNS),게임,사람들과 교류할 수 있다,생각한 적 없다
STU_049,그렇다,두 시간 이상 세 시간 미만,네 시간 이상 다섯 시간 미만,동영상 시청·음악 감상,누리 소통망(SNS),게임,사람들과 교류할 수 있다,그렇다 - 신체적 문제
STU_050,그렇다,세 시간 이상 네 시간 미만,네 시간 이상 다섯 시간 미만,동영상 시청·음악 감상,누리 소통망(SNS),게임,재미를 얻고 스트레스를 풀 수 있다,그렇다 - 학업 문제
STU_051,그렇다,다섯 시간 이상,세 시간 이상 네 시간 미만,동영상 시청·음악 감상,누리 소통망(SNS),게임,시간을 때울 수 있다,그렇다 - 학업 문제
STU_052,그렇다,세 시간 이상 네 시간 미만,세 시간 이상 네 시간 미만,동영상 시청·음악 감상,누리 소통망(SNS),게임,새로운 정보를 얻을 수 있다,생각한 적 없다
STU_053,그렇다,세 시간 이상 네 시간 미만,세 시간 이상 네 시간 미만,동영상 시청·음악 감상,누리 소통망(SNS),게임,재미를 얻고 스트레스를 풀 수 있다,그렇다 - 학업 문제
STU_054,그렇다,두 시간 이상 세 시간 미만,두 시간 이상 세 시간 미만,동영상 시청·음악 감상,누리 소통망(SNS),게임,재미를 얻고 스트레스를 풀 수 있다,그렇다 - 학업 문제
STU_055,그렇다,다섯 시간 이상,네 시간 이상 다섯 시간 미만,동영상 시청·음악 감상,누리 소통망(SNS),게임,사람들과 교류할 수 있다,생각한 적 없다
STU_056,그렇다,두 시간 이상 세 시간 미만,한 시간 이상 두 시간 미만,동영상 시청·음악 감상,누리 소통망(SNS),게임,재미를 얻고 스트레스를 풀 수 있다,생각한 적 없다
STU_057,그렇다,세 시간 이상 네 시간 미만,네 시간 이상 다섯 시간 미만,동영상 시청·음악 감상,누리 소통망(SNS),게임,새로운 정보를 얻을 수 있다,생각한 적 없다
STU_058,그렇다,두 시간 이상 세 시간 미만,한 시간 이상 두 시간 미만,동영상 시청·음악 감상,누리 소통망(SNS),게임,재미를 얻고 스트레스를 풀 수 있다,그렇다 - 학업 문제
STU_059,그렇다,두 시간 이상 세 시간 미만,한 시간 이상 두 시간 미만,동영상 시청·음악 감상,누리 소통망(SNS),게임,재미를 얻고 스트레스를 풀 수 있다,그렇다 - 가족 관계 문제
STU_060,그렇다,한 시간 이상 두 시간 미만,한 시간 이상 두 시간 미만,동영상 시청·음악 감상,누리 소통망(SNS),게임,시간을 때울 수 있다,그렇다 - 학업 문제
STU_061,그렇다,한 시간 이상 두 시간 미만,세 시간 이상 네 시간 미만,동영상 시청·음악 감상,누리 소통망(SNS),게임,새로운 정보를 얻을 수 있다,그렇다 - 학업 문제
STU_062,그렇다,네 시간 이상 다섯 시간 미만,네 시간 이상 다섯 시간 미만,동영상 시청·음악 감상,누리 소통망(SNS),게임,재미를 얻고 스트레스를 풀 수 있다,생각한 적 없다
STU_063,그렇다,세 시간 이상 네 시간 미만,한 시간 미만,동영상 시청·음악 감상,누리 소통망(SNS),게임,재미를 얻고 스트레스를 풀 수 있다,그렇다 - 가족 관계 문제
STU_064,그렇다,한 시간 이상 두 시간 미만,한 시간 이상 두 시간 미만,동영상 시청·음악 감상,누리 소통망(SNS),게임,사람들과 교류할 수 있다,그렇다 - 학업 문제
STU_065,그렇다,한 시간 이상 두 시간 미만,두 시간 이상 세 시간 미만,동영상 시청·음악 감상,누리 소통망(SNS),게임,새로운 정보를 얻을 수 있다,그렇다 - 신체적 문제
STU_066,그렇다,세 시간 이상 네 시간 미만,두 시간 이상 세 시간 미만,동영상 시청·음악 감상,누리 소통망(SNS),게임,사람들과 교류할 수 있다,그렇다 - 학업 문제
STU_067,그렇다,세 시간 이상 네 시간 미만,다섯 시간 이상,동영상 시청·음악 감상,누리 소통망(SNS),게임,시간을 때울 수 있다,그렇다 - 친구 관계 문제
STU_068,그렇다,두 시간 이상 세 시간 미만,한 시간 이상 두 시간 미만,동영상 시청·음악 감상,누리 소통망(SNS),게임,재미를 얻고 스트레스를 풀 수 있다,생각한 적 없다
STU_069,그렇다,두 시간 이상 세 시간 미만,세 시간 이상 네 시간 미만,동영상 시청·음악 감상,누리 소통망(SNS),게임,시간을 때울 수 있다,그렇다 - 신체적 문제
STU_070,그렇다,한 시간 미만,세 시간 이상 네 시간 미만,동영상 시청·음악 감상,누리 소통망(SNS),게임,재미를 얻고 스트레스를 풀 수 있다,생각한 적 없다
STU_071,그렇다,세 시간 이상 네 시간 미만,두 시간 이상 세 시간 미만,동영상 시청·음악 감상,누리 소통망(SNS),게임,재미를 얻고 스트레스를 풀 수 있다,생각한 적 없다
STU_072,그렇다,한 시간 이상 두 시간 미만,네 시간 이상 다섯 시간 미만,동영상 시청·음악 감상,누리 소통망(SNS),게임,사람들과 교류할 수 있다,생각한 적 없다
STU_073,그렇다,두 시간 이상 세 시간 미만,한 시간 이상 두 시간 미만,동영상 시청·음악 감상,누리 소통망(SNS),인터넷 검색,사람들과 교류할 수 있다,그렇다 - 기타
STU_074,그렇다,세 시간 이상 네 시간 미만,두 시간 이상 세 시간 미만,동영상 시청·음악 감상,누리 소통망(SNS),게임,새로운 정보를 얻을 수 있다,그렇다 - 신체적 문제
STU_075,그렇다,두 시간 이상 세 시간 미만,네 시간 이상 다섯 시간 미만,동영상 시청·음악 감상,누리 소통망(SNS),인터넷 검색,새로운 정보를 얻을 수 있다,그렇다 - 학업 문제
STU_076,그렇다,다섯 시간 이상,네 시간 이상 다섯 시간 미만,동영상 시청·음악 감상,누리 소통망(SNS),게임,재미를 얻고 스트레스를 풀 수 있다,생각한 적 없다
STU_077,그렇다,다섯 시간 이상,세 시간 이상 네 시간 미만,동영상 시청·음악 감상,누리 소통망(SNS),인터넷 검색,재미를 얻고 스트레스를 풀 수 있다,그렇다 - 학업 문제
STU_078,그렇다,한 시간 이상 두 시간 미만,두 시간 이상 세 시간 미만,동영상 시청·음악 감상,누리 소통망(SNS),게임,재미를 얻고 스트레스를 풀 수 있다,그렇다 - 신체적 문제
STU_079,그렇다,한 시간 이상 두 시간 미만,네 시간 이상 다섯 시간 미만,동영상 시청·음악 감상,누리 소통망(SNS),인터넷 검색,새로운 정보를 얻을 수 있다,그렇다 - 가족 관계 문제
STU_080,그렇다,한 시간 이상 두 시간 미만,세 시간 이상 네 시간 미만,동영상 시청·음악 감상,누리 소통망(SNS),게임,재미를 얻고 스트레스를 풀 수 있다,그렇다 - 가족 관계 문제
STU_081,그렇다,한 시간 이상 두 시간 미만,세 시간 이상 네 시간 미만,동영상 시청·음악 감상,누리 소통망(SNS),인터넷 검색,재미를 얻고 스트레스를 풀 수 있다,생각한 적 없다
STU_082,그렇다,한 시간 이상 두 시간 미만,네 시간 이상 다섯 시간 미만,동영상 시청·음악 감상,누리 소통망(SNS),게임,시간을 때울 수 있다,그렇다 - 학업 문제
STU_083,그렇다,세 시간 이상 네 시간 미만,네 시간 이상 다섯 시간 미만,동영상 시청·음악 감상,누리 소통망(SNS),인터넷 검색,재미를 얻고 스트레스를 풀 수 있다,그렇다 - 신체적 문제
STU_084,그렇다,두 시간 이상 세 시간 미만,두 시간 이상 세 시간 미만,동영상 시청·음악 감상,누리 소통망(SNS),게임,사람들과 교류할 수 있다,그렇다 - 친구 관계 문제
STU_085,그렇다,세 시간 이상 네 시간 미만,한 시간 이상 두 시간 미만,동영상 시청·음악 감상,누리 소통망(SNS),인터넷 검색,새로운 정보를 얻을 수 있다,그렇다 - 기타
STU_086,그렇다,한 시간 이상 두 시간 미만,두 시간 이상 세 시간 미만,동영상 시청·음악 감상,누리 소통망(SNS),게임,재미를 얻고 스트레스를 풀 수 있다,생각한 적 없다
STU_087,그렇다,세 시간 이상 네 시간 미만,세 시간 이상 네 시간 미만,동영상 시청·음악 감상,누리 소통망(SNS),인터넷 검색,새로운 정보를 얻을 수 있다,그렇다 - 가족 관계 문제
STU_088,그렇다,네 시간 이상 다섯 시간 미만,네 시간 이상 다섯 시간 미만,동영상 시청·음악 감상,누리 소통망(SNS),게임,재미를 얻고 스트레스를 풀 수 있다,그렇다 - 학업 문제
STU_089,그렇다,두 시간 이상 세 시간 미만,네 시간 이상 다섯 시간 미만,동영상 시청·음악 감상,누리 소통망(SNS),인터넷 검색,새로운 정보를 얻을 수 있다,그렇다 - 신체적 문제
STU_090,그렇다,한 시간 이상 두 시간 미만,세 시간 이상 네 시간 미만,동영상 시청·음악 감상,누리 소통망(SNS),게임,사람들과 교류할 수 있다,그렇다 - 신체적 문제
STU_091,그렇다,다섯 시간 이상,두 시간 이상 세 시간 미만,동영상 시청·음악 감상,누리 소통망(SNS),인터넷 검색,사람들과 교류할 수 있다,그렇다 - 신체적 문제
STU_092,그렇다,두 시간 이상 세 시간 미만,네 시간 이상 다섯 시간 미만,동영상 시청·음악 감상,누리 소통망(SNS),게임,재미를 얻고 스트레스를 풀 수 있다,그렇다 - 학업 문제
STU_093,그렇다,세 시간 이상 네 시간 미만,한 시간 이상 두 시간 미만,동영상 시청·음악 감상,누리 소통망(SNS),인터넷 검색,재미를 얻고 스트레스를 풀 수 있다,생각한 적 없다
STU_094,그렇다,한 시간 이상 두 시간 미만,한 시간 이상 두 시간 미만,동영상 시청·음악 감상,누리 소통망(SNS),게임,재미를 얻고 스트레스를 풀 수 있다,생각한 적 없다
STU_095,그렇다,세 시간 이상 네 시간 미만,두 시간 이상 세 시간 미만,동영상 시청·음악 감상,누리 소통망(SNS),인터넷 검색,재미를 얻고 스트레스를 풀 수 있다,그렇다 - 기타
STU_096,그렇다,네 시간 이상 다섯 시간 미만,네 시간 이상 다섯 시간 미만,동영상 시청·음악 감상,누리 소통망(SNS),게임,재미를 얻고 스트레스를 풀 수 있다,그렇다 - 학업 문제
STU_097,그렇다,세 시간 이상 네 시간 미만,두 시간 이상 세 시간 미만,동영상 시청·음악 감상,누리 소통망(SNS),인터넷 검색,시간을 때울 수 있다,생각한 적 없다
STU_098,그렇다,한 시간 미만,세 시간 이상 네 시간 미만,동영상 시청·음악 감상,누리 소통망(SNS),게임,재미를 얻고 스트레스를 풀 수 있다,그렇다 - 가족 관계 문제
STU_099,그렇다,두 시간 이상 세 시간 미만,두 시간 이상 세 시간 미만,동영상 시청·음악 감상,누리 소통망(SNS),인터넷 검색,재미를 얻고 스트레스를 풀 수 있다,그렇다 - 학업 문제
STU_100,그렇다,한 시간 이상 두 시간 미만,다섯 시간 이상,동영상 시청·음악 감상,누리 소통망(SNS),게임,새로운 정보를 얻을 수 있다,그렇다 - 학업 문제
STU_101,그렇다,세 시간 이상 네 시간 미만,두 시간 이상 세 시간 미만,동영상 시청·음악 감상,누리 소통망(SNS),인터넷 검색,새로운 정보를 얻을 수 있다,그렇다 - 학업 문제
STU_102,그렇다,두 시간 이상 세 시간 미만,다섯 시간 이상,동영상 시청·음악 감상,누리 소통망(SNS),게임,재미를 얻고 스트레스를 풀 수 있다,그렇다 - 신체적 문제
STU_103,그렇다,두 시간 이상 세 시간 미만,다섯 시간 이상,동영상 시청·음악 감상,누리 소통망(SNS),인터넷 검색,재미를 얻고 스트레스를 풀 수 있다,그렇다 - 학업 문제
STU_104,그렇다,두 시간 이상 세 시간 미만,네 시간 이상 다섯 시간 미만,동영상 시청·음악 감상,누리 소통망(SNS),기타,새로운 정보를 얻을 수 있다,생각한 적 없다
STU_105,그렇다,세 시간 이상 네 시간 미만,한 시간 이상 두 시간 미만,동영상 시청·음악 감상,누리 소통망(SNS),게임,시간을 때울 수 있다,그렇다 - 학업 문제
STU_106,그렇다,한 시간 이상 두 시간 미만,두 시간 이상 세 시간 미만,동영상 시청·음악 감상,누리 소통망(SNS),인터넷 검색,새로운 정보를 얻을 수 있다,그렇다 - 학업 문제
STU_107,그렇다,세 시간 이상 네 시간 미만,네 시간 이상 다섯 시간 미만,동영상 시청·음악 감상,누리 소통망(SNS),기타,사람들과 교류할 수 있다,그렇다 - 가족 관계 문제
STU_108,그렇다,두 시간 이상 세 시간 미만,네 시간 이상 다섯 시간 미만,동영상 시청·음악 감상,누리 소통망(SNS),게임,새로운 정보를 얻을 수 있다,그렇다 - 학업 문제
STU_109,그렇다,한 시간 이상 두 시간 미만,세 시간 이상 네 시간 미만,동영상 시청·음악 감상,누리 소통망(SNS),인터넷 검색,재미를 얻고 스트레스를 풀 수 있다,그렇다 - 학업 문제
STU_110,그렇다,세 시간 이상 네 시간 미만,두 시간 이상 세 시간 미만,동영상 시청·음악 감상,누리 소통망(SNS),기타,재미를 얻고 스트레스를 풀 수 있다,그렇다 - 가족 관계 문제
STU_111,그렇다,두 시간 이상 세 시간 미만,한 시간 이상 두 시간 미만,동영상 시청·음악 감상,누리 소통망(SNS),게임,기타,생각한 적 없다
STU_112,그렇다,한 시간 이상 두 시간 미만,두 시간 이상 세 시간 미만,동영상 시청·음악 감상,누리 소통망(SNS),인터넷 검색,기타,그렇다 - 학업 문제
STU_113,그렇다,한 시간 이상 두 시간 미만,네 시간 이상 다섯 시간 미만,동영상 시청·음악 감상,누리 소통망(SNS),기타,새로운 정보를 얻을 수 있다,그렇다 - 가족 관계 문제
STU_114,그렇다,다섯 시간 이상,두 시간 이상 세 시간 미만,동영상 시청·음악 감상,누리 소통망(SNS),게임,재미를 얻고 스트레스를 풀 수 있다,그렇다 - 학업 문제
STU_115,그렇다,네 시간 이상 다섯 시간 미만,한 시간 이상 두 시간 미만,동영상 시청·음악 감상,누리 소통망(SNS),인터넷 검색,재미를 얻고 스트레스를 풀 수 있다,그렇다 - 가족 관계 문제
STU_116,그렇다,한 시간 미만,한 시간 이상 두 시간 미만,동영상 시청·음악 감상,누리 소통망(SNS),기타,새로운 정보를 얻을 수 있다,생각한 적 없다
STU_117,그렇다,한 시간 이상 두 시간 미만,네 시간 이상 다섯 시간 미만,동영상 시청·음악 감상,누리 소통망(SNS),게임,재미를 얻고 스트레스를 풀 수 있다,그렇다 - 학업 문제
STU_118,그렇다,네 시간 이상 다섯 시간 미만,두 시간 이상 세 시간 미만,동영상 시청·음악 감상,누리 소통망(SNS),인터넷 검색,기타,그렇다 - 학업 문제
STU_119,그렇다,다섯 시간 이상,다섯 시간 이상,동영상 시청·음악 감상,누리 소통망(SNS),기타,재미를 얻고 스트레스를 풀 수 있다,그렇다 - 신체적 문제
STU_120,그렇다,세 시간 이상 네 시간 미만,세 시간 이상 네 시간 미만,동영상 시청·음악 감상,누리 소통망(SNS),게임,사람들과 교류할 수 있다,생각한 적 없다
STU_121,그렇다,한 시간 미만,두 시간 이상 세 시간 미만,동영상 시청·음악 감상,누리 소통망(SNS),인터넷 검색,기타,생각한 적 없다
STU_122,그렇다,한 시간 이상 두 시간 미만,세 시간 이상 네 시간 미만,동영상 시청·음악 감상,누리 소통망(SNS),기타,사람들과 교류할 수 있다,그렇다 - 학업 문제
STU_123,그렇다,두 시간 이상 세 시간 미만,두 시간 이상 세 시간 미만,동영상 시청·음악 감상,누리 소통망(SNS),게임,새로운 정보를 얻을 수 있다,그렇다 - 학업 문제
STU_124,그렇다,세 시간 이상 네 시간 미만,다섯 시간 이상,동영상 시청·음악 감상,누리 소통망(SNS),인터넷 검색,새로운 정보를 얻을 수 있다,생각한 적 없다
STU_125,그렇다,세 시간 이상 네 시간 미만,네 시간 이상 다섯 시간 미만,동영상 시청·음악 감상,누리 소통망(SNS),기타,재미를 얻고 스트레스를 풀 수 있다,생각한 적 없다
STU_126,그렇다,다섯 시간 이상,네 시간 이상 다섯 시간 미만,동영상 시청·음악 감상,누리 소통망(SNS),게임,기타,그렇다 - 학업 문제
STU_127,그렇다,두 시간 이상 세 시간 미만,다섯 시간 이상,동영상 시청·음악 감상,누리 소통망(SNS),인터넷 검색,새로운 정보를 얻을 수 있다,생각한 적 없다
STU_128,그렇다,한 시간 이상 두 시간 미만,다섯 시간 이상,동영상 시청·음악 감상,누리 소통망(SNS),기타,새로운 정보를 얻을 수 있다,생각한 적 없다
STU_129,그렇다,두 시간 이상 세 시간 미만,한 시간 이상 두 시간 미만,동영상 시청·음악 감상,누리 소통망(SNS),게임,재미를 얻고 스트레스를 풀 수 있다,그렇다 - 가족 관계 문제
STU_130,그렇다,세 시간 이상 네 시간 미만,한 시간 이상 두 시간 미만,동영상 시청·음악 감상,누리 소통망(SNS),인터넷 검색,새로운 정보를 얻을 수 있다,그렇다 - 학업 문제
STU_131,그렇다,세 시간 이상 네 시간 미만,네 시간 이상 다섯 시간 미만,동영상 시청·음악 감상,누리 소통망(SNS),기타,재미를 얻고 스트레스를 풀 수 있다,그렇다 - 학업 문제
STU_132,그렇다,네 시간 이상 다섯 시간 미만,두 시간 이상 세 시간 미만,동영상 시청·음악 감상,누리 소통망(SNS),게임,사람들과 교류할 수 있다,그렇다 - 학업 문제
STU_133,그렇다,한 시간 미만,세 시간 이상 네 시간 미만,동영상 시청·음악 감상,누리 소통망(SNS),인터넷 검색,재미를 얻고 스트레스를 풀 수 있다,그렇다 - 신체적 문제
STU_134,그렇다,다섯 시간 이상,세 시간 이상 네 시간 미만,동영상 시청·음악 감상,누리 소통망(SNS),기타,시간을 때울 수 있다,생각한 적 없다
STU_135,그렇다,네 시간 이상 다섯 시간 미만,다섯 시간 이상,동영상 시청·음악 감상,누리 소통망(SNS),게임,사람들과 교류할 수 있다,그렇다 - 학업 문제
STU_136,그렇다,두 시간 이상 세 시간 미만,두 시간 이상 세 시간 미만,동영상 시청·음악 감상,누리 소통망(SNS),인터넷 검색,재미를 얻고 스트레스를 풀 수 있다,그렇다 - 학업 문제
STU_137,그렇다,세 시간 이상 네 시간 미만,네 시간 이상 다섯 시간 미만,동영상 시청·음악 감상,누리 소통망(SNS),기타,새로운 정보를 얻을 수 있다,그렇다 - 가족 관계 문제
STU_138,그렇다,두 시간 이상 세 시간 미만,한 시간 이상 두 시간 미만,동영상 시청·음악 감상,누리 소통망(SNS),게임,새로운 정보를 얻을 수 있다,생각한 적 없다
STU_139,그렇다,한 시간 이상 두 시간 미만,네 시간 이상 다섯 시간 미만,동영상 시청·음악 감상,누리 소통망(SNS),인터넷 검색,재미를 얻고 스트레스를 풀 수 있다,생각한 적 없다
STU_140,그렇다,세 시간 이상 네 시간 미만,세 시간 이상 네 시간 미만,동영상 시청·음악 감상,누리 소통망(SNS),기타,새로운 정보를 얻을 수 있다,생각한 적 없다
STU_141,그렇다,한 시간 이상 두 시간 미만,네 시간 이상 다섯 시간 미만,동영상 시청·음악 감상,누리 소통망(SNS),게임,재미를 얻고 스트레스를 풀 수 있다,그렇다 - 가족 관계 문제
STU_142,그렇다,세 시간 이상 네 시간 미만,네 시간 이상 다섯 시간 미만,동영상 시청·음악 감상,누리 소통망(SNS),인터넷 검색,새로운 정보를 얻을 수 있다,그렇다 - 가족 관계 문제
STU_143,그렇다,한 시간 이상 두 시간 미만,네 시간 이상 다섯 시간 미만,동영상 시청·음악 감상,누리 소통망(SNS),기타,기타,그렇다 - 학업 문제
STU_144,그렇다,세 시간 이상 네 시간 미만,네 시간 이상 다섯 시간 미만,동영상 시청·음악 감상,누리 소통망(SNS),게임,새로운 정보를 얻을 수 있다,생각한 적 없다
STU_145,그렇다,세 시간 이상 네 시간 미만,한 시간 이상 두 시간 미만,동영상 시청·음악 감상,누리 소통망(SNS),인터넷 검색,새로운 정보를 얻을 수 있다,생각한 적 없다
STU_146,그렇다,두 시간 이상 세 시간 미만,두 시간 이상 세 시간 미만,동영상 시청·음악 감상,누리 소통망(SNS),기타,새로운 정보를 얻을 수 있다,그렇다 - 학업 문제
STU_147,그렇다,한 시간 이상 두 시간 미만,다섯 시간 이상,동영상 시청·음악 감상,누리 소통망(SNS),게임,시간을 때울 수 있다,그렇다 - 학업 문제
STU_148,그렇다,네 시간 이상 다섯 시간 미만,네 시간 이상 다섯 시간 미만,동영상 시청·음악 감상,누리 소통망(SNS),인터넷 검색,재미를 얻고 스트레스를 풀 수 있다,그렇다 - 학업 문제
STU_149,그렇다,한 시간 이상 두 시간 미만,네 시간 이상 다섯 시간 미만,동영상 시청·음악 감상,누리 소통망(SNS),기타,재미를 얻고 스트레스를 풀 수 있다,그렇다 - 학업 문제
STU_150,그렇다,두 시간 이상 세 시간 미만,세 시간 이상 네 시간 미만,동영상 시청·음악 감상,누리 소통망(SNS),게임,재미를 얻고 스트레스를 풀 수 있다,생각한 적 없다
STU_151,그렇다,세 시간 이상 네 시간 미만,네 시간 이상 다섯 시간 미만,동영상 시청·음악 감상,누리 소통망(SNS),인터넷 검색,재미를 얻고 스트레스를 풀 수 있다,생각한 적 없다
STU_152,그렇다,한 시간 이상 두 시간 미만,다섯 시간 이상,동영상 시청·음악 감상,누리 소통망(SNS),기타,새로운 정보를 얻을 수 있다,그렇다 - 학업 문제
STU_153,그렇다,세 시간 이상 네 시간 미만,네 시간 이상 다섯 시간 미만,동영상 시청·음악 감상,게임,인터넷 검색,재미를 얻고 스트레스를 풀 수 있다,생각한 적 없다
STU_154,그렇다,한 시간 미만,네 시간 이상 다섯 시간 미만,동영상 시청·음악 감상,누리 소통망(SNS),기타,재미를 얻고 스트레스를 풀 수 있다,생각한 적 없다
STU_155,그렇다,두 시간 이상 세 시간 미만,세 시간 이상 네 시간 미만,동영상 시청·음악 감상,게임,인터넷 검색,사람들과 교류할 수 있다,그렇다 - 학업 문제
STU_156,그렇다,한 시간 이상 두 시간 미만,네 시간 이상 다섯 시간 미만,동영상 시청·음악 감상,누리 소통망(SNS),기타,새로운 정보를 얻을 수 있다,생각한 적 없다
STU_157,그렇다,세 시간 이상 네 시간 미만,네 시간 이상 다섯 시간 미만,동영상 시청·음악 감상,게임,인터넷 검색,시간을 때울 수 있다,그렇다 - 친구 관계 문제
STU_158,그렇다,다섯 시간 이상,세 시간 이상 네 시간 미만,동영상 시청·음악 감상,누리 소통망(SNS),기타,재미를 얻고 스트레스를 풀 수 있다,생각한 적 없다
STU_159,그렇다,세 시간 이상 네 시간 미만,다섯 시간 이상,동영상 시청·음악 감상,게임,인터넷 검색,재미를 얻고 스트레스를 풀 수 있다,그렇다 - 가족 관계 문제
STU_160,그렇다,다섯 시간 이상,네 시간 이상 다섯 시간 미만,동영상 시청·음악 감상,누리 소통망(SNS),기타,재미를 얻고 스트레스를 풀 수 있다,생각한 적 없다
STU_161,그렇다,한 시간 이상 두 시간 미만,두 시간 이상 세 시간 미만,동영상 시청·음악 감상,게임,인터넷 검색,재미를 얻고 스트레스를 풀 수 있다,그렇다 - 학업 문제
STU_162,그렇다,두 시간 이상 세 시간 미만,다섯 시간 이상,동영상 시청·음악 감상,누리 소통망(SNS),기타,재미를 얻고 스트레스를 풀 수 있다,생각한 적 없다
STU_163,그렇다,한 시간 이상 두 시간 미만,네 시간 이상 다섯 시간 미만,동영상 시청·음악 감상,게임,인터넷 검색,재미를 얻고 스트레스를 풀 수 있다,그렇다 - 학업 문제
STU_164,그렇다,한 시간 미만,다섯 시간 이상,동영상 시청·음악 감상,누리 소통망(SNS),기타,시간을 때울 수 있다,생각한 적 없다
STU_165,그렇다,두 시간 이상 세 시간 미만,다섯 시간 이상,동영상 시청·음악 감상,게임,인터넷 검색,사람들과 교류할 수 있다,생각한 적 없다
STU_166,그렇다,두 시간 이상 세 시간 미만,네 시간 이상 다섯 시간 미만,동영상 시청·음악 감상,누리 소통망(SNS),기타,새로운 정보를 얻을 수 있다,생각한 적 없다
STU_167,그렇다,두 시간 이상 세 시간 미만,한 시간 이상 두 시간 미만,동영상 시청·음악 감상,게임,인터넷 검색,새로운 정보를 얻을 수 있다,그렇다 - 신체적 문제
STU_168,그렇다,네 시간 이상 다섯 시간 미만,두 시간 이상 세 시간 미만,동영상 시청·음악 감상,누리 소통망(SNS),기타,사람들과 교류할 수 있다,그렇다 - 친구 관계 문제
STU_169,그렇다,다섯 시간 이상,네 시간 이상 다섯 시간 미만,동영상 시청·음악 감상,게임,인터넷 검색,재미를 얻고 스트레스를 풀 수 있다,그렇다 - 학업 문제
STU_170,그렇다,두 시간 이상 세 시간 미만,두 시간 이상 세 시간 미만,동영상 시청·음악 감상,누리 소통망(SNS),기타,새로운 정보를 얻을 수 있다,그렇다 - 학업 문제
STU_171,그렇다,한 시간 미만,네 시간 이상 다섯 시간 미만,동영상 시청·음악 감상,게임,인터넷 검색,재미를 얻고 스트레스를 풀 수 있다,그렇다 - 학업 문제
STU_172,그렇다,한 시간 이상 두 시간 미만,한 시간 미만,동영상 시청·음악 감상,누리 소통망(SNS),기타,재미를 얻고 스트레스를 풀 수 있다,생각한 적 없다
STU_173,그렇다,두 시간 이상 세 시간 미만,세 시간 이상 네 시간 미만,동영상 시청·음악 감상,게임,인터넷 검색,재미를 얻고 스트레스를 풀 수 있다,생각한 적 없다
STU_174,그렇다,네 시간 이상 다섯 시간 미만,두 시간 이상 세 시간 미만,동영상 시청·음악 감상,누리 소통망(SNS),기타,시간을 때울 수 있다,그렇다 - 학업 문제
STU_175,그렇다,세 시간 이상 네 시간 미만,세 시간 이상 네 시간 미만,동영상 시청·음악 감상,게임,인터넷 검색,재미를 얻고 스트레스를 풀 수 있다,그렇다 - 신체적 문제
STU_176,그렇다,한 시간 이상 두 시간 미만,다섯 시간 이상,동영상 시청·음악 감상,누리 소통망(SNS),기타,사람들과 교류할 수 있다,그렇다 - 신체적 문제
STU_177,그렇다,네 시간 이상 다섯 시간 미만,다섯 시간 이상,동영상 시청·음악 감상,게임,인터넷 검색,기타,그렇다 - 학업 문제
STU_178,그렇다,두 시간 이상 세 시간 미만,한 시간 이상 두 시간 미만,동영상 시청·음악 감상,누리 소통망(SNS),기타,기타,그렇다 - 신체적 문제
STU_179,그렇다,네 시간 이상 다섯 시간 미만,세 시간 이상 네 시간 미만,동영상 시청·음악 감상,게임,인터넷 검색,새로운 정보를 얻을 수 있다,생각한 적 없다
STU_180,그렇다,세 시간 이상 네 시간 미만,두 시간 이상 세 시간 미만,동영상 시청·음악 감상,누리 소통망(SNS),기타,새로운 정보를 얻을 수 있다,그렇다 - 학업 문제
STU_181,그렇다,네 시간 이상 다섯 시간 미만,네 시간 이상 다섯 시간 미만,동영상 시청·음악 감상,게임,인터넷 검색,기타,생각한 적 없다
STU_182,그렇다,다섯 시간 이상,네 시간 이상 다섯 시간 미만,동영상 시청·음악 감상,누리 소통망(SNS),기타,사람들과 교류할 수 있다,생각한 적 없다
STU_183,그렇다,두 시간 이상 세 시간 미만,한 시간 이상 두 시간 미만,동영상 시청·음악 감상,게임,인터넷 검색,시간을 때울 수 있다,그렇다 - 학업 문제
STU_184,그렇다,한 시간 이상 두 시간 미만,네 시간 이상 다섯 시간 미만,동영상 시청·음악 감상,누리 소통망(SNS),기타,재미를 얻고 스트레스를 풀 수 있다,그렇다 - 학업 문제
STU_185,그렇다,두 시간 이상 세 시간 미만,세 시간 이상 네 시간 미만,동영상 시청·음악 감상,게임,인터넷 검색,재미를 얻고 스트레스를 풀 수 있다,그렇다 - 친구 관계 문제
STU_186,그렇다,한 시간 이상 두 시간 미만,세 시간 이상 네 시간 미만,동영상 시청·음악 감상,누리 소통망(SNS),기타,새로운 정보를 얻을 수 있다,그렇다 - 학업 문제
STU_187,그렇다,네 시간 이상 다섯 시간 미만,두 시간 이상 세 시간 미만,동영상 시청·음악 감상,게임,인터넷 검색,재미를 얻고 스트레스를 풀 수 있다,그렇다 - 학업 문제
STU_188,그렇다,다섯 시간 이상,네 시간 이상 다섯 시간 미만,동영상 시청·음악 감상,누리 소통망(SNS),기타,새로운 정보를 얻을 수 있다,생각한 적 없다
STU_189,그렇다,네 시간 이상 다섯 시간 미만,네 시간 이상 다섯 시간 미만,동영상 시청·음악 감상,게임,인터넷 검색,재미를 얻고 스트레스를 풀 수 있다,그렇다 - 가족 관계 문제
STU_190,그렇다,두 시간 이상 세 시간 미만,네 시간 이상 다섯 시간 미만,동영상 시청·음악 감상,누리 소통망(SNS),기타,재미를 얻고 스트레스를 풀 수 있다,그렇다 - 신체적 문제
STU_191,그렇다,한 시간 이상 두 시간 미만,두 시간 이상 세 시간 미만,동영상 시청·음악 감상,게임,인터넷 검색,사람들과 교류할 수 있다,그렇다 - 학업 문제
STU_192,그렇다,두 시간 이상 세 시간 미만,세 시간 이상 네 시간 미만,동영상 시청·음악 감상,누리 소통망(SNS),기타,시간을 때울 수 있다,그렇다 - 학업 문제
STU_193,그렇다,한 시간 이상 두 시간 미만,다섯 시간 이상,동영상 시청·음악 감상,게임,인터넷 검색,재미를 얻고 스트레스를 풀 수 있다,생각한 적 없다
STU_194,그렇다,두 시간 이상 세 시간 미만,다섯 시간 이상,동영상 시청·음악 감상,누리 소통망(SNS),기타,재미를 얻고 스트레스를 풀 수 있다,그렇다 - 학업 문제
STU_195,그렇다,세 시간 이상 네 시간 미만,세 시간 이상 네 시간 미만,동영상 시청·음악 감상,게임,인터넷 검색,시간을 때울 수 있다,생각한 적 없다
STU_196,그렇다,다섯 시간 이상,네 시간 이상 다섯 시간 미만,동영상 시청·음악 감상,누리 소통망(SNS),기타,재미를 얻고 스트레스를 풀 수 있다,그렇다 - 친구 관계 문제
STU_197,그렇다,세 시간 이상 네 시간 미만,네 시간 이상 다섯 시간 미만,동영상 시청·음악 감상,게임,인터넷 검색,시간을 때울 수 있다,그렇다 - 학업 문제
STU_198,그렇다,한 시간 이상 두 시간 미만,다섯 시간 이상,동영상 시청·음악 감상,누리 소통망(SNS),기타,재미를 얻고 스트레스를 풀 수 있다,생각한 적 없다
STU_199,그렇다,세 시간 이상 네 시간 미만,네 시간 이상 다섯 시간 미만,동영상 시청·음악 감상,게임,인터넷 검색,시간을 때울 수 있다,그렇다 - 친구 관계 문제
STU_200,그렇다,다섯 시간 이상,한 시간 미만,동영상 시청·음악 감상,누리 소통망(SNS),기타,새로운 정보를 얻을 수 있다,생각한 적 없다
STU_201,그렇다,한 시간 미만,세 시간 이상 네 시간 미만,동영상 시청·음악 감상,게임,인터넷 검색,사람들과 교류할 수 있다,그렇다 - 학업 문제
STU_202,그렇다,한 시간 이상 두 시간 미만,두 시간 이상 세 시간 미만,동영상 시청·음악 감상,누리 소통망(SNS),기타,재미를 얻고 스트레스를 풀 수 있다,생각한 적 없다
STU_203,그렇다,세 시간 이상 네 시간 미만,다섯 시간 이상,동영상 시청·음악 감상,게임,인터넷 검색,재미를 얻고 스트레스를 풀 수 있다,그렇다 - 신체적 문제
STU_204,그렇다,세 시간 이상 네 시간 미만,네 시간 이상 다섯 시간 미만,동영상 시청·음악 감상,누리 소통망(SNS),기타,재미를 얻고 스트레스를 풀 수 있다,그렇다 - 학업 문제
STU_205,그렇다,세 시간 이상 네 시간 미만,세 시간 이상 네 시간 미만,게임,인터넷 검색,기타,재미를 얻고 스트레스를 풀 수 있다,생각한 적 없다
STU_206,그렇다,두 시간 이상 세 시간 미만,네 시간 이상 다섯 시간 미만,동영상 시청·음악 감상,누리 소통망(SNS),게임,시간을 때울 수 있다,생각한 적 없다
STU_207,그렇다,두 시간 이상 세 시간 미만,네 시간 이상 다섯 시간 미만,동영상 시청·음악 감상,인터넷 검색,기타,시간을 때울 수 있다,그렇다 - 기타
STU_208,그렇다,세 시간 이상 네 시간 미만,세 시간 이상 네 시간 미만,누리 소통망(SNS),게임,인터넷 검색,시간을 때울 수 있다,그렇다 - 학업 문제
STU_209,그렇다,두 시간 이상 세 시간 미만,세 시간 이상 네 시간 미만,동영상 시청·음악 감상,누리 소통망(SNS),기타,재미를 얻고 스트레스를 풀 수 있다,그렇다 - 가족 관계 문제
STU_210,그렇다,두 시간 이상 세 시간 미만,두 시간 이상 세 시간 미만,게임,인터넷 검색,기타,새로운 정보를 얻을 수 있다,생각한 적 없다
STU_211,그렇다,세 시간 이상 네 시간 미만,한 시간 이상 두 시간 미만,동영상 시청·음악 감상,누리 소통망(SNS),게임,새로운 정보를 얻을 수 있다,그렇다 - 학업 문제
STU_212,그렇다,다섯 시간 이상,두 시간 이상 세 시간 미만,동영상 시청·음악 감상,인터넷 검색,기타,재미를 얻고 스트레스를 풀 수 있다,그렇다 - 신체적 문제
STU_213,그렇다,한 시간 이상 두 시간 미만,네 시간 이상 다섯 시간 미만,누리 소통망(SNS),게임,인터넷 검색,재미를 얻고 스트레스를 풀 수 있다,그렇다 - 학업 문제
STU_214,그렇다,네 시간 이상 다섯 시간 미만,네 시간 이상 다섯 시간 미만,동영상 시청·음악 감상,누리 소통망(SNS),기타,새로운 정보를 얻을 수 있다,그렇다 - 학업 문제
STU_215,그렇다,두 시간 이상 세 시간 미만,다섯 시간 이상,게임,인터넷 검색,기타,새로운 정보를 얻을 수 있다,그렇다 - 학업 문제
STU_216,그렇다,두 시간 이상 세 시간 미만,다섯 시간 이상,동영상 시청·음악 감상,누리 소통망(SNS),게임,재미를 얻고 스트레스를 풀 수 있다,생각한 적 없다
STU_217,그렇다,한 시간 이상 두 시간 미만,다섯 시간 이상,동영상 시청·음악 감상,인터넷 검색,기타,재미를 얻고 스트레스를 풀 수 있다,생각한 적 없다
STU_218,그렇다,두 시간 이상 세 시간 미만,두 시간 이상 세 시간 미만,누리 소통망(SNS),게임,인터넷 검색,재미를 얻고 스트레스를 풀 수 있다,그렇다 - 기타
STU_219,그렇다,네 시간 이상 다섯 시간 미만,네 시간 이상 다섯 시간 미만,동영상 시청·음악 감상,누리 소통망(SNS),기타,새로운 정보를 얻을 수 있다,그렇다 - 신체적 문제
STU_220,그렇다,두 시간 이상 세 시간 미만,다섯 시간 이상,게임,인터넷 검색,기타,재미를 얻고 스트레스를 풀 수 있다,그렇다 - 신체적 문제
